/*
 Navicat Premium Data Transfer

 Source Server         : localhost
 Source Server Type    : MySQL
 Source Server Version : 50549
 Source Host           : localhost:3306
 Source Schema         : guns

 Target Server Type    : MySQL
 Target Server Version : 50549
 File Encoding         : 65001

 Date: 21/04/2019 23:00:15
*/

SET NAMES utf8mb4;
SET FOREIGN_KEY_CHECKS = 0;

-- ----------------------------
-- Table structure for house_manager
-- ----------------------------
DROP TABLE IF EXISTS `house_manager`;
CREATE TABLE `house_manager`  (
  `uuid` int(11) NOT NULL AUTO_INCREMENT COMMENT '主键',
  `house_user` varchar(100) CHARACTER SET utf8 COLLATE utf8_bin NOT NULL COMMENT '房屋业主名称',
  `house_area` double NOT NULL COMMENT '房屋面积',
  `house_address` varchar(500) CHARACTER SET utf8 COLLATE utf8_bin NOT NULL COMMENT '房屋地址',
  `house_time` timestamp NOT NULL DEFAULT CURRENT_TIMESTAMP ON UPDATE CURRENT_TIMESTAMP COMMENT '房屋交付日期',
  `house_loan` binary(1) NOT NULL COMMENT '是否有贷款(0-无,1-有)',
  `house_desc` varchar(500) CHARACTER SET utf8 COLLATE utf8_bin NULL DEFAULT NULL COMMENT '房屋描述信息',
  PRIMARY KEY (`uuid`) USING BTREE
) ENGINE = InnoDB AUTO_INCREMENT = 3 CHARACTER SET = utf8 COLLATE = utf8_bin ROW_FORMAT = Compact;

-- ----------------------------
-- Records of house_manager
-- ----------------------------
INSERT INTO `house_manager` VALUES (2, '张三', 123, '朝阳市三里河', '2017-11-21 00:00:00', 0x01, '123123');

-- ----------------------------
-- Table structure for sys_dept
-- ----------------------------
DROP TABLE IF EXISTS `sys_dept`;
CREATE TABLE `sys_dept`  (
  `id` int(11) NOT NULL AUTO_INCREMENT COMMENT '主键id',
  `num` int(11) NULL DEFAULT NULL COMMENT '排序',
  `pid` int(11) NULL DEFAULT NULL COMMENT '父部门id',
  `pids` varchar(255) CHARACTER SET utf8 COLLATE utf8_general_ci NULL DEFAULT NULL COMMENT '父级ids',
  `simplename` varchar(45) CHARACTER SET utf8 COLLATE utf8_general_ci NULL DEFAULT NULL COMMENT '简称',
  `fullname` varchar(255) CHARACTER SET utf8 COLLATE utf8_general_ci NULL DEFAULT NULL COMMENT '全称',
  `tips` varchar(255) CHARACTER SET utf8 COLLATE utf8_general_ci NULL DEFAULT NULL COMMENT '提示',
  `version` int(11) NULL DEFAULT NULL COMMENT '版本（乐观锁保留字段）',
  PRIMARY KEY (`id`) USING BTREE
) ENGINE = InnoDB AUTO_INCREMENT = 28 CHARACTER SET = utf8 COLLATE = utf8_general_ci COMMENT = '部门表' ROW_FORMAT = Compact;

-- ----------------------------
-- Records of sys_dept
-- ----------------------------
INSERT INTO `sys_dept` VALUES (24, 1, 0, '[0],', '总公司', '总公司', '', NULL);
INSERT INTO `sys_dept` VALUES (25, 2, 24, '[0],[24],', '开发部', '开发部', '', NULL);
INSERT INTO `sys_dept` VALUES (26, 3, 24, '[0],[24],', '运营部', '运营部', '', NULL);
INSERT INTO `sys_dept` VALUES (27, 4, 24, '[0],[24],', '战略部', '战略部', '', NULL);

-- ----------------------------
-- Table structure for sys_dict
-- ----------------------------
DROP TABLE IF EXISTS `sys_dict`;
CREATE TABLE `sys_dict`  (
  `id` int(11) UNSIGNED NOT NULL AUTO_INCREMENT COMMENT '主键id',
  `num` int(11) NULL DEFAULT NULL COMMENT '排序',
  `pid` int(11) NULL DEFAULT NULL COMMENT '父级字典',
  `name` varchar(255) CHARACTER SET utf8 COLLATE utf8_general_ci NULL DEFAULT NULL COMMENT '名称',
  `tips` varchar(255) CHARACTER SET utf8 COLLATE utf8_general_ci NULL DEFAULT NULL COMMENT '提示',
  `code` varchar(255) CHARACTER SET utf8 COLLATE utf8_general_ci NULL DEFAULT NULL COMMENT '值',
  PRIMARY KEY (`id`) USING BTREE
) ENGINE = InnoDB AUTO_INCREMENT = 69 CHARACTER SET = utf8 COLLATE = utf8_general_ci COMMENT = '字典表' ROW_FORMAT = Compact;

-- ----------------------------
-- Records of sys_dict
-- ----------------------------
INSERT INTO `sys_dict` VALUES (50, 0, 0, '性别', NULL, 'sys_sex');
INSERT INTO `sys_dict` VALUES (51, 1, 50, '男', NULL, '1');
INSERT INTO `sys_dict` VALUES (52, 2, 50, '女', NULL, '2');
INSERT INTO `sys_dict` VALUES (53, 0, 0, '状态', NULL, 'sys_state');
INSERT INTO `sys_dict` VALUES (54, 1, 53, '启用', NULL, '1');
INSERT INTO `sys_dict` VALUES (55, 2, 53, '禁用', NULL, '2');
INSERT INTO `sys_dict` VALUES (56, 0, 0, '账号状态', NULL, 'account_state');
INSERT INTO `sys_dict` VALUES (57, 1, 56, '启用', NULL, '1');
INSERT INTO `sys_dict` VALUES (58, 2, 56, '冻结', NULL, '2');
INSERT INTO `sys_dict` VALUES (59, 3, 56, '已删除', NULL, '3');

-- ----------------------------
-- Table structure for sys_expense
-- ----------------------------
DROP TABLE IF EXISTS `sys_expense`;
CREATE TABLE `sys_expense`  (
  `id` int(11) NOT NULL AUTO_INCREMENT,
  `money` decimal(20, 2) NULL DEFAULT NULL COMMENT '报销金额',
  `desc` varchar(255) CHARACTER SET utf8 COLLATE utf8_general_ci NULL DEFAULT '' COMMENT '描述',
  `createtime` datetime NULL DEFAULT NULL,
  `state` int(11) NULL DEFAULT NULL COMMENT '状态: 1.待提交  2:待审核   3.审核通过 4:驳回',
  `userid` int(11) NULL DEFAULT NULL COMMENT '用户id',
  `processId` varchar(255) CHARACTER SET utf8 COLLATE utf8_general_ci NULL DEFAULT NULL COMMENT '流程定义id',
  PRIMARY KEY (`id`) USING BTREE
) ENGINE = InnoDB AUTO_INCREMENT = 25 CHARACTER SET = utf8 COLLATE = utf8_general_ci COMMENT = '报销表' ROW_FORMAT = Compact;

-- ----------------------------
-- Records of sys_expense
-- ----------------------------
INSERT INTO `sys_expense` VALUES (24, 1000.00, '吃饭', NULL, 3, 46, '20');

-- ----------------------------
-- Table structure for sys_login_log
-- ----------------------------
DROP TABLE IF EXISTS `sys_login_log`;
CREATE TABLE `sys_login_log`  (
  `id` int(65) NOT NULL AUTO_INCREMENT COMMENT '主键',
  `logname` varchar(255) CHARACTER SET utf8 COLLATE utf8_general_ci NULL DEFAULT NULL COMMENT '日志名称',
  `userid` int(65) NULL DEFAULT NULL COMMENT '管理员id',
  `createtime` datetime NULL DEFAULT NULL COMMENT '创建时间',
  `succeed` varchar(255) CHARACTER SET utf8 COLLATE utf8_general_ci NULL DEFAULT NULL COMMENT '是否执行成功',
  `message` text CHARACTER SET utf8 COLLATE utf8_general_ci NULL COMMENT '具体消息',
  `ip` varchar(255) CHARACTER SET utf8 COLLATE utf8_general_ci NULL DEFAULT NULL COMMENT '登录ip',
  PRIMARY KEY (`id`) USING BTREE
) ENGINE = InnoDB AUTO_INCREMENT = 229 CHARACTER SET = utf8 COLLATE = utf8_general_ci COMMENT = '登录记录' ROW_FORMAT = Compact;

-- ----------------------------
-- Records of sys_login_log
-- ----------------------------
INSERT INTO `sys_login_log` VALUES (216, '退出日志', 1, '2019-04-21 19:12:26', '成功', NULL, '127.0.0.1');
INSERT INTO `sys_login_log` VALUES (217, '登录日志', 1, '2019-04-21 19:12:33', '成功', NULL, '127.0.0.1');
INSERT INTO `sys_login_log` VALUES (218, '退出日志', 1, '2019-04-21 19:14:20', '成功', NULL, '127.0.0.1');
INSERT INTO `sys_login_log` VALUES (219, '登录日志', 46, '2019-04-21 19:14:25', '成功', NULL, '127.0.0.1');
INSERT INTO `sys_login_log` VALUES (220, '退出日志', 46, '2019-04-21 19:16:12', '成功', NULL, '127.0.0.1');
INSERT INTO `sys_login_log` VALUES (221, '登录失败日志', NULL, '2019-04-21 19:16:16', '成功', '账号:boss,账号密码错误', '127.0.0.1');
INSERT INTO `sys_login_log` VALUES (222, '登录日志', 45, '2019-04-21 19:16:19', '成功', NULL, '127.0.0.1');
INSERT INTO `sys_login_log` VALUES (223, '退出日志', 45, '2019-04-21 19:16:28', '成功', NULL, '127.0.0.1');
INSERT INTO `sys_login_log` VALUES (224, '登录失败日志', NULL, '2019-04-21 19:16:34', '成功', '账号:mannager,账号密码错误', '127.0.0.1');
INSERT INTO `sys_login_log` VALUES (225, '登录日志', 1, '2019-04-21 19:16:39', '成功', NULL, '127.0.0.1');
INSERT INTO `sys_login_log` VALUES (226, '登录日志', 1, '2019-04-21 19:47:15', '成功', NULL, '0:0:0:0:0:0:0:1');
INSERT INTO `sys_login_log` VALUES (227, '退出日志', 1, '2019-04-21 19:50:44', '成功', NULL, '0:0:0:0:0:0:0:1');
INSERT INTO `sys_login_log` VALUES (228, '登录日志', 1, '2019-04-21 19:50:48', '成功', NULL, '0:0:0:0:0:0:0:1');

-- ----------------------------
-- Table structure for sys_menu
-- ----------------------------
DROP TABLE IF EXISTS `sys_menu`;
CREATE TABLE `sys_menu`  (
  `id` bigint(20) NOT NULL AUTO_INCREMENT COMMENT '主键id',
  `code` varchar(255) CHARACTER SET utf8 COLLATE utf8_general_ci NULL DEFAULT NULL COMMENT '菜单编号',
  `pcode` varchar(255) CHARACTER SET utf8 COLLATE utf8_general_ci NULL DEFAULT NULL COMMENT '菜单父编号',
  `pcodes` varchar(255) CHARACTER SET utf8 COLLATE utf8_general_ci NULL DEFAULT NULL COMMENT '当前菜单的所有父菜单编号',
  `name` varchar(255) CHARACTER SET utf8 COLLATE utf8_general_ci NULL DEFAULT NULL COMMENT '菜单名称',
  `icon` varchar(255) CHARACTER SET utf8 COLLATE utf8_general_ci NULL DEFAULT NULL COMMENT '菜单图标',
  `url` varchar(255) CHARACTER SET utf8 COLLATE utf8_general_ci NULL DEFAULT NULL COMMENT 'url地址',
  `num` int(65) NULL DEFAULT NULL COMMENT '菜单排序号',
  `levels` int(65) NULL DEFAULT NULL COMMENT '菜单层级',
  `ismenu` int(11) NULL DEFAULT NULL COMMENT '是否是菜单（1：是  0：不是）',
  `tips` varchar(255) CHARACTER SET utf8 COLLATE utf8_general_ci NULL DEFAULT NULL COMMENT '备注',
  `status` int(65) NULL DEFAULT NULL COMMENT '菜单状态 :  1:启用   0:不启用',
  `isopen` int(11) NULL DEFAULT NULL COMMENT '是否打开:    1:打开   0:不打开',
  PRIMARY KEY (`id`) USING BTREE
) ENGINE = InnoDB AUTO_INCREMENT = 1119927846506016775 CHARACTER SET = utf8 COLLATE = utf8_general_ci COMMENT = '菜单表' ROW_FORMAT = Compact;

-- ----------------------------
-- Records of sys_menu
-- ----------------------------
INSERT INTO `sys_menu` VALUES (105, 'system', '0', '[0],', '系统管理', 'fa-user', '#', 4, 1, 1, NULL, 1, 1);
INSERT INTO `sys_menu` VALUES (106, 'mgr', 'system', '[0],[system],', '用户管理', '', '/mgr', 1, 2, 1, NULL, 1, 0);
INSERT INTO `sys_menu` VALUES (107, 'mgr_add', 'mgr', '[0],[system],[mgr],', '添加用户', NULL, '/mgr/add', 1, 3, 0, NULL, 1, 0);
INSERT INTO `sys_menu` VALUES (108, 'mgr_edit', 'mgr', '[0],[system],[mgr],', '修改用户', NULL, '/mgr/edit', 2, 3, 0, NULL, 1, 0);
INSERT INTO `sys_menu` VALUES (109, 'mgr_delete', 'mgr', '[0],[system],[mgr],', '删除用户', NULL, '/mgr/delete', 3, 3, 0, NULL, 1, 0);
INSERT INTO `sys_menu` VALUES (110, 'mgr_reset', 'mgr', '[0],[system],[mgr],', '重置密码', NULL, '/mgr/reset', 4, 3, 0, NULL, 1, 0);
INSERT INTO `sys_menu` VALUES (111, 'mgr_freeze', 'mgr', '[0],[system],[mgr],', '冻结用户', NULL, '/mgr/freeze', 5, 3, 0, NULL, 1, 0);
INSERT INTO `sys_menu` VALUES (112, 'mgr_unfreeze', 'mgr', '[0],[system],[mgr],', '解除冻结用户', NULL, '/mgr/unfreeze', 6, 3, 0, NULL, 1, 0);
INSERT INTO `sys_menu` VALUES (113, 'mgr_setRole', 'mgr', '[0],[system],[mgr],', '分配角色', NULL, '/mgr/setRole', 7, 3, 0, NULL, 1, 0);
INSERT INTO `sys_menu` VALUES (114, 'role', 'system', '[0],[system],', '角色管理', NULL, '/role', 2, 2, 1, NULL, 1, 0);
INSERT INTO `sys_menu` VALUES (115, 'role_add', 'role', '[0],[system],[role],', '添加角色', NULL, '/role/add', 1, 3, 0, NULL, 1, 0);
INSERT INTO `sys_menu` VALUES (116, 'role_edit', 'role', '[0],[system],[role],', '修改角色', NULL, '/role/edit', 2, 3, 0, NULL, 1, 0);
INSERT INTO `sys_menu` VALUES (117, 'role_remove', 'role', '[0],[system],[role],', '删除角色', NULL, '/role/remove', 3, 3, 0, NULL, 1, 0);
INSERT INTO `sys_menu` VALUES (118, 'role_setAuthority', 'role', '[0],[system],[role],', '配置权限', NULL, '/role/setAuthority', 4, 3, 0, NULL, 1, 0);
INSERT INTO `sys_menu` VALUES (119, 'menu', 'system', '[0],[system],', '菜单管理', NULL, '/menu', 4, 2, 1, NULL, 1, 0);
INSERT INTO `sys_menu` VALUES (120, 'menu_add', 'menu', '[0],[system],[menu],', '添加菜单', NULL, '/menu/add', 1, 3, 0, NULL, 1, 0);
INSERT INTO `sys_menu` VALUES (121, 'menu_edit', 'menu', '[0],[system],[menu],', '修改菜单', NULL, '/menu/edit', 2, 3, 0, NULL, 1, 0);
INSERT INTO `sys_menu` VALUES (122, 'menu_remove', 'menu', '[0],[system],[menu],', '删除菜单', NULL, '/menu/remove', 3, 3, 0, NULL, 1, 0);
INSERT INTO `sys_menu` VALUES (128, 'log', 'system', '[0],[system],', '业务日志', NULL, '/log', 6, 2, 1, NULL, 1, 0);
INSERT INTO `sys_menu` VALUES (130, 'druid', 'system', '[0],[system],', '监控管理', NULL, '/druid', 7, 2, 1, NULL, 1, NULL);
INSERT INTO `sys_menu` VALUES (131, 'dept', 'system', '[0],[system],', '部门管理', NULL, '/dept', 3, 2, 1, NULL, 1, NULL);
INSERT INTO `sys_menu` VALUES (132, 'dict', 'system', '[0],[system],', '字典管理', NULL, '/dict', 4, 2, 1, NULL, 1, NULL);
INSERT INTO `sys_menu` VALUES (133, 'loginLog', 'system', '[0],[system],', '登录日志', NULL, '/loginLog', 6, 2, 1, NULL, 1, NULL);
INSERT INTO `sys_menu` VALUES (134, 'log_clean', 'log', '[0],[system],[log],', '清空日志', NULL, '/log/delLog', 3, 3, 0, NULL, 1, NULL);
INSERT INTO `sys_menu` VALUES (135, 'dept_add', 'dept', '[0],[system],[dept],', '添加部门', NULL, '/dept/add', 1, 3, 0, NULL, 1, NULL);
INSERT INTO `sys_menu` VALUES (136, 'dept_update', 'dept', '[0],[system],[dept],', '修改部门', NULL, '/dept/update', 1, 3, 0, NULL, 1, NULL);
INSERT INTO `sys_menu` VALUES (137, 'dept_delete', 'dept', '[0],[system],[dept],', '删除部门', NULL, '/dept/delete', 1, 3, 0, NULL, 1, NULL);
INSERT INTO `sys_menu` VALUES (138, 'dict_add', 'dict', '[0],[system],[dict],', '添加字典', NULL, '/dict/add', 1, 3, 0, NULL, 1, NULL);
INSERT INTO `sys_menu` VALUES (139, 'dict_update', 'dict', '[0],[system],[dict],', '修改字典', NULL, '/dict/update', 1, 3, 0, NULL, 1, NULL);
INSERT INTO `sys_menu` VALUES (140, 'dict_delete', 'dict', '[0],[system],[dict],', '删除字典', NULL, '/dict/delete', 1, 3, 0, NULL, 1, NULL);
INSERT INTO `sys_menu` VALUES (141, 'notice', 'system', '[0],[system],', '通知管理', NULL, '/notice', 9, 2, 1, NULL, 1, NULL);
INSERT INTO `sys_menu` VALUES (142, 'notice_add', 'notice', '[0],[system],[notice],', '添加通知', NULL, '/notice/add', 1, 3, 0, NULL, 1, NULL);
INSERT INTO `sys_menu` VALUES (143, 'notice_update', 'notice', '[0],[system],[notice],', '修改通知', NULL, '/notice/update', 2, 3, 0, NULL, 1, NULL);
INSERT INTO `sys_menu` VALUES (144, 'notice_delete', 'notice', '[0],[system],[notice],', '删除通知', NULL, '/notice/delete', 3, 3, 0, NULL, 1, NULL);
INSERT INTO `sys_menu` VALUES (145, 'hello', '0', '[0],', '通知', 'fa-rocket', '/notice/hello', 1, 1, 1, NULL, 1, NULL);
INSERT INTO `sys_menu` VALUES (148, 'code', '0', '[0],', '代码生成', 'fa-code', '/code', 3, 1, 1, NULL, 1, NULL);
INSERT INTO `sys_menu` VALUES (149, 'api_mgr', '0', '[0],', '接口文档', 'fa-leaf', '/swagger-ui.html', 2, 1, 1, NULL, 1, NULL);
INSERT INTO `sys_menu` VALUES (150, 'to_menu_edit', 'menu', '[0],[system],[menu],', '菜单编辑跳转', '', '/menu/menu_edit', 4, 3, 0, NULL, 1, NULL);
INSERT INTO `sys_menu` VALUES (151, 'menu_list', 'menu', '[0],[system],[menu],', '菜单列表', '', '/menu/list', 5, 3, 0, NULL, 1, NULL);
INSERT INTO `sys_menu` VALUES (152, 'to_dept_update', 'dept', '[0],[system],[dept],', '修改部门跳转', '', '/dept/dept_update', 4, 3, 0, NULL, 1, NULL);
INSERT INTO `sys_menu` VALUES (153, 'dept_list', 'dept', '[0],[system],[dept],', '部门列表', '', '/dept/list', 5, 3, 0, NULL, 1, NULL);
INSERT INTO `sys_menu` VALUES (154, 'dept_detail', 'dept', '[0],[system],[dept],', '部门详情', '', '/dept/detail', 6, 3, 0, NULL, 1, NULL);
INSERT INTO `sys_menu` VALUES (155, 'to_dict_edit', 'dict', '[0],[system],[dict],', '修改菜单跳转', '', '/dict/dict_edit', 4, 3, 0, NULL, 1, NULL);
INSERT INTO `sys_menu` VALUES (156, 'dict_list', 'dict', '[0],[system],[dict],', '字典列表', '', '/dict/list', 5, 3, 0, NULL, 1, NULL);
INSERT INTO `sys_menu` VALUES (157, 'dict_detail', 'dict', '[0],[system],[dict],', '字典详情', '', '/dict/detail', 6, 3, 0, NULL, 1, NULL);
INSERT INTO `sys_menu` VALUES (158, 'log_list', 'log', '[0],[system],[log],', '日志列表', '', '/log/list', 2, 3, 0, NULL, 1, NULL);
INSERT INTO `sys_menu` VALUES (159, 'log_detail', 'log', '[0],[system],[log],', '日志详情', '', '/log/detail', 3, 3, 0, NULL, 1, NULL);
INSERT INTO `sys_menu` VALUES (160, 'del_login_log', 'loginLog', '[0],[system],[loginLog],', '清空登录日志', '', '/loginLog/delLoginLog', 1, 3, 0, NULL, 1, NULL);
INSERT INTO `sys_menu` VALUES (161, 'login_log_list', 'loginLog', '[0],[system],[loginLog],', '登录日志列表', '', '/loginLog/list', 2, 3, 0, NULL, 1, NULL);
INSERT INTO `sys_menu` VALUES (162, 'to_role_edit', 'role', '[0],[system],[role],', '修改角色跳转', '', '/role/role_edit', 5, 3, 0, NULL, 1, NULL);
INSERT INTO `sys_menu` VALUES (163, 'to_role_assign', 'role', '[0],[system],[role],', '角色分配跳转', '', '/role/role_assign', 6, 3, 0, NULL, 1, NULL);
INSERT INTO `sys_menu` VALUES (164, 'role_list', 'role', '[0],[system],[role],', '角色列表', '', '/role/list', 7, 3, 0, NULL, 1, NULL);
INSERT INTO `sys_menu` VALUES (165, 'to_assign_role', 'mgr', '[0],[system],[mgr],', '分配角色跳转', '', '/mgr/role_assign', 8, 3, 0, NULL, 1, NULL);
INSERT INTO `sys_menu` VALUES (166, 'to_user_edit', 'mgr', '[0],[system],[mgr],', '编辑用户跳转', '', '/mgr/user_edit', 9, 3, 0, NULL, 1, NULL);
INSERT INTO `sys_menu` VALUES (167, 'mgr_list', 'mgr', '[0],[system],[mgr],', '用户列表', '', '/mgr/list', 10, 3, 0, NULL, 1, NULL);
INSERT INTO `sys_menu` VALUES (168, 'expense', '0', '[0],', '报销管理', 'fa-clone', '#', 5, 1, 1, NULL, 1, NULL);
INSERT INTO `sys_menu` VALUES (169, 'expense_fill', 'expense', '[0],[expense],', '报销申请', '', '/expense', 1, 2, 1, NULL, 1, NULL);
INSERT INTO `sys_menu` VALUES (170, 'expense_progress', 'expense', '[0],[expense],', '报销审批', '', '/process', 2, 2, 1, NULL, 1, NULL);
INSERT INTO `sys_menu` VALUES (1119927846506016769, 'houseManager', '0', '[0],', '房屋管理', '', '/houseManager', 99, 1, 1, NULL, 1, 0);
INSERT INTO `sys_menu` VALUES (1119927846506016770, 'houseManager_list', 'houseManager', '[0],[houseManager],', '房屋管理列表', '', '/houseManager/list', 99, 2, 0, NULL, 1, 0);
INSERT INTO `sys_menu` VALUES (1119927846506016771, 'houseManager_add', 'houseManager', '[0],[houseManager],', '房屋管理添加', '', '/houseManager/add', 99, 2, 0, NULL, 1, 0);
INSERT INTO `sys_menu` VALUES (1119927846506016772, 'houseManager_update', 'houseManager', '[0],[houseManager],', '房屋管理更新', '', '/houseManager/update', 99, 2, 0, NULL, 1, 0);
INSERT INTO `sys_menu` VALUES (1119927846506016773, 'houseManager_delete', 'houseManager', '[0],[houseManager],', '房屋管理删除', '', '/houseManager/delete', 99, 2, 0, NULL, 1, 0);
INSERT INTO `sys_menu` VALUES (1119927846506016774, 'houseManager_detail', 'houseManager', '[0],[houseManager],', '房屋管理详情', '', '/houseManager/detail', 99, 2, 0, NULL, 1, 0);

-- ----------------------------
-- Table structure for sys_notice
-- ----------------------------
DROP TABLE IF EXISTS `sys_notice`;
CREATE TABLE `sys_notice`  (
  `id` int(11) NOT NULL AUTO_INCREMENT COMMENT '主键',
  `title` varchar(255) CHARACTER SET utf8 COLLATE utf8_general_ci NULL DEFAULT NULL COMMENT '标题',
  `type` int(11) NULL DEFAULT NULL COMMENT '类型',
  `content` text CHARACTER SET utf8 COLLATE utf8_general_ci NULL COMMENT '内容',
  `createtime` datetime NULL DEFAULT NULL COMMENT '创建时间',
  `creater` int(11) NULL DEFAULT NULL COMMENT '创建人',
  PRIMARY KEY (`id`) USING BTREE
) ENGINE = InnoDB AUTO_INCREMENT = 9 CHARACTER SET = utf8 COLLATE = utf8_general_ci COMMENT = '通知表' ROW_FORMAT = Compact;

-- ----------------------------
-- Records of sys_notice
-- ----------------------------
INSERT INTO `sys_notice` VALUES (6, '世界', 10, '欢迎使用Guns管理系统', '2017-01-11 08:53:20', 1);
INSERT INTO `sys_notice` VALUES (8, '你好', NULL, '你好', '2017-05-10 19:28:57', 1);

-- ----------------------------
-- Table structure for sys_operation_log
-- ----------------------------
DROP TABLE IF EXISTS `sys_operation_log`;
CREATE TABLE `sys_operation_log`  (
  `id` int(65) NOT NULL AUTO_INCREMENT COMMENT '主键',
  `logtype` varchar(255) CHARACTER SET utf8 COLLATE utf8_general_ci NULL DEFAULT NULL COMMENT '日志类型',
  `logname` varchar(255) CHARACTER SET utf8 COLLATE utf8_general_ci NULL DEFAULT NULL COMMENT '日志名称',
  `userid` int(65) NULL DEFAULT NULL COMMENT '用户id',
  `classname` varchar(255) CHARACTER SET utf8 COLLATE utf8_general_ci NULL DEFAULT NULL COMMENT '类名称',
  `method` text CHARACTER SET utf8 COLLATE utf8_general_ci NULL COMMENT '方法名称',
  `createtime` datetime NULL DEFAULT NULL COMMENT '创建时间',
  `succeed` varchar(255) CHARACTER SET utf8 COLLATE utf8_general_ci NULL DEFAULT NULL COMMENT '是否成功',
  `message` text CHARACTER SET utf8 COLLATE utf8_general_ci NULL COMMENT '备注',
  PRIMARY KEY (`id`) USING BTREE
) ENGINE = InnoDB AUTO_INCREMENT = 555 CHARACTER SET = utf8 COLLATE = utf8_general_ci COMMENT = '操作日志' ROW_FORMAT = Compact;

-- ----------------------------
-- Records of sys_operation_log
-- ----------------------------
INSERT INTO `sys_operation_log` VALUES (550, '业务日志', '配置权限', 1, 'com.stylefeng.guns.modular.system.controller.RoleController', 'setAuthority', '2019-04-21 19:12:25', '成功', '角色名称=超级管理员,资源名称=系统管理,用户管理,添加用户,修改用户,删除用户,重置密码,冻结用户,解除冻结用户,分配角色,分配角色跳转,编辑用户跳转,用户列表,角色管理,添加角色,修改角色,删除角色,配置权限,修改角色跳转,角色分配跳转,角色列表,菜单管理,添加菜单,修改菜单,删除菜单,菜单编辑跳转,菜单列表,业务日志,清空日志,日志列表,日志详情,监控管理,部门管理,添加部门,修改部门,删除部门,修改部门跳转,部门列表,部门详情,字典管理,添加字典,修改字典,删除字典,修改菜单跳转,字典列表,字典详情,登录日志,清空登录日志,登录日志列表,通知管理,添加通知,修改通知,删除通知,通知,代码生成,接口文档,报销管理,报销申请,报销审批');
INSERT INTO `sys_operation_log` VALUES (551, '业务日志', '重置管理员密码', 1, 'com.stylefeng.guns.modular.system.controller.UserMgrController', 'reset', '2019-04-21 19:14:06', '成功', '账号=manager');
INSERT INTO `sys_operation_log` VALUES (552, '业务日志', '配置权限', 1, 'com.stylefeng.guns.modular.system.controller.RoleController', 'setAuthority', '2019-04-21 19:50:12', '成功', '角色名称=超级管理员,资源名称=系统管理,用户管理,添加用户,修改用户,删除用户,重置密码,冻结用户,解除冻结用户,分配角色,分配角色跳转,编辑用户跳转,用户列表,角色管理,添加角色,修改角色,删除角色,配置权限,修改角色跳转,角色分配跳转,角色列表,菜单管理,添加菜单,修改菜单,删除菜单,菜单编辑跳转,菜单列表,业务日志,清空日志,日志列表,日志详情,监控管理,部门管理,添加部门,修改部门,删除部门,修改部门跳转,部门列表,部门详情,字典管理,添加字典,修改字典,删除字典,修改菜单跳转,字典列表,字典详情,登录日志,清空登录日志,登录日志列表,通知管理,添加通知,修改通知,删除通知,通知,代码生成,接口文档,报销管理,报销申请,报销审批');
INSERT INTO `sys_operation_log` VALUES (553, '业务日志', '配置权限', 1, 'com.stylefeng.guns.modular.system.controller.RoleController', 'setAuthority', '2019-04-21 19:50:37', '成功', '角色名称=超级管理员,资源名称=系统管理,用户管理,添加用户,修改用户,删除用户,重置密码,冻结用户,解除冻结用户,分配角色,分配角色跳转,编辑用户跳转,用户列表,角色管理,添加角色,修改角色,删除角色,配置权限,修改角色跳转,角色分配跳转,角色列表,菜单管理,添加菜单,修改菜单,删除菜单,菜单编辑跳转,菜单列表,业务日志,清空日志,日志列表,日志详情,监控管理,部门管理,添加部门,修改部门,删除部门,修改部门跳转,部门列表,部门详情,字典管理,添加字典,修改字典,删除字典,修改菜单跳转,字典列表,字典详情,登录日志,清空登录日志,登录日志列表,通知管理,添加通知,修改通知,删除通知,通知,代码生成,接口文档,报销管理,报销申请,报销审批');
INSERT INTO `sys_operation_log` VALUES (554, '异常日志', '', 1, NULL, NULL, '2019-04-21 19:51:44', '失败', 'org.springframework.web.method.annotation.MethodArgumentTypeMismatchException: Failed to convert value of type \'java.lang.String\' to required type \'java.lang.Integer\'; nested exception is java.lang.NumberFormatException: For input string: \"undefined\"\r\n	at org.springframework.web.method.annotation.AbstractNamedValueMethodArgumentResolver.resolveArgument(AbstractNamedValueMethodArgumentResolver.java:128)\r\n	at org.springframework.web.method.support.HandlerMethodArgumentResolverComposite.resolveArgument(HandlerMethodArgumentResolverComposite.java:121)\r\n	at org.springframework.web.method.support.InvocableHandlerMethod.getMethodArgumentValues(InvocableHandlerMethod.java:158)\r\n	at org.springframework.web.method.support.InvocableHandlerMethod.invokeForRequest(InvocableHandlerMethod.java:128)\r\n	at org.springframework.web.servlet.mvc.method.annotation.ServletInvocableHandlerMethod.invokeAndHandle(ServletInvocableHandlerMethod.java:97)\r\n	at org.springframework.web.servlet.mvc.method.annotation.RequestMappingHandlerAdapter.invokeHandlerMethod(RequestMappingHandlerAdapter.java:827)\r\n	at org.springframework.web.servlet.mvc.method.annotation.RequestMappingHandlerAdapter.handleInternal(RequestMappingHandlerAdapter.java:738)\r\n	at org.springframework.web.servlet.mvc.method.AbstractHandlerMethodAdapter.handle(AbstractHandlerMethodAdapter.java:85)\r\n	at org.springframework.web.servlet.DispatcherServlet.doDispatch(DispatcherServlet.java:967)\r\n	at org.springframework.web.servlet.DispatcherServlet.doService(DispatcherServlet.java:901)\r\n	at org.springframework.web.servlet.FrameworkServlet.processRequest(FrameworkServlet.java:970)\r\n	at org.springframework.web.servlet.FrameworkServlet.doGet(FrameworkServlet.java:861)\r\n	at javax.servlet.http.HttpServlet.service(HttpServlet.java:635)\r\n	at org.springframework.web.servlet.FrameworkServlet.service(FrameworkServlet.java:846)\r\n	at javax.servlet.http.HttpServlet.service(HttpServlet.java:742)\r\n	at org.apache.catalina.core.ApplicationFilterChain.internalDoFilter(ApplicationFilterChain.java:231)\r\n	at org.apache.catalina.core.ApplicationFilterChain.doFilter(ApplicationFilterChain.java:166)\r\n	at org.apache.tomcat.websocket.server.WsFilter.doFilter(WsFilter.java:52)\r\n	at org.apache.catalina.core.ApplicationFilterChain.internalDoFilter(ApplicationFilterChain.java:193)\r\n	at org.apache.catalina.core.ApplicationFilterChain.doFilter(ApplicationFilterChain.java:166)\r\n	at org.apache.shiro.web.servlet.ProxiedFilterChain.doFilter(ProxiedFilterChain.java:61)\r\n	at org.apache.shiro.web.servlet.AdviceFilter.executeChain(AdviceFilter.java:108)\r\n	at org.apache.shiro.web.servlet.AdviceFilter.doFilterInternal(AdviceFilter.java:137)\r\n	at org.apache.shiro.web.servlet.OncePerRequestFilter.doFilter(OncePerRequestFilter.java:125)\r\n	at org.apache.shiro.web.servlet.ProxiedFilterChain.doFilter(ProxiedFilterChain.java:66)\r\n	at org.apache.shiro.web.servlet.AbstractShiroFilter.executeChain(AbstractShiroFilter.java:449)\r\n	at org.apache.shiro.web.servlet.AbstractShiroFilterT1.call(AbstractShiroFilter.java:365)\r\n	at org.apache.shiro.subject.support.SubjectCallable.doCall(SubjectCallable.java:90)\r\n	at org.apache.shiro.subject.support.SubjectCallable.call(SubjectCallable.java:83)\r\n	at org.apache.shiro.subject.support.DelegatingSubject.execute(DelegatingSubject.java:387)\r\n	at org.apache.shiro.web.servlet.AbstractShiroFilter.doFilterInternal(AbstractShiroFilter.java:362)\r\n	at org.apache.shiro.web.servlet.OncePerRequestFilter.doFilter(OncePerRequestFilter.java:125)\r\n	at org.apache.catalina.core.ApplicationFilterChain.internalDoFilter(ApplicationFilterChain.java:193)\r\n	at org.apache.catalina.core.ApplicationFilterChain.doFilter(ApplicationFilterChain.java:166)\r\n	at com.stylefeng.guns.core.xss.XssFilter.doFilter(XssFilter.java:31)\r\n	at org.apache.catalina.core.ApplicationFilterChain.internalDoFilter(ApplicationFilterChain.java:193)\r\n	at org.apache.catalina.core.ApplicationFilterChain.doFilter(ApplicationFilterChain.java:166)\r\n	at com.alibaba.druid.support.http.WebStatFilter.doFilter(WebStatFilter.java:123)\r\n	at org.apache.catalina.core.ApplicationFilterChain.internalDoFilter(ApplicationFilterChain.java:193)\r\n	at org.apache.catalina.core.ApplicationFilterChain.doFilter(ApplicationFilterChain.java:166)\r\n	at org.springframework.web.filter.RequestContextFilter.doFilterInternal(RequestContextFilter.java:99)\r\n	at org.springframework.web.filter.OncePerRequestFilter.doFilter(OncePerRequestFilter.java:107)\r\n	at org.apache.catalina.core.ApplicationFilterChain.internalDoFilter(ApplicationFilterChain.java:193)\r\n	at org.apache.catalina.core.ApplicationFilterChain.doFilter(ApplicationFilterChain.java:166)\r\n	at org.springframework.web.filter.HttpPutFormContentFilter.doFilterInternal(HttpPutFormContentFilter.java:108)\r\n	at org.springframework.web.filter.OncePerRequestFilter.doFilter(OncePerRequestFilter.java:107)\r\n	at org.apache.catalina.core.ApplicationFilterChain.internalDoFilter(ApplicationFilterChain.java:193)\r\n	at org.apache.catalina.core.ApplicationFilterChain.doFilter(ApplicationFilterChain.java:166)\r\n	at org.springframework.web.filter.HiddenHttpMethodFilter.doFilterInternal(HiddenHttpMethodFilter.java:81)\r\n	at org.springframework.web.filter.OncePerRequestFilter.doFilter(OncePerRequestFilter.java:107)\r\n	at org.apache.catalina.core.ApplicationFilterChain.internalDoFilter(ApplicationFilterChain.java:193)\r\n	at org.apache.catalina.core.ApplicationFilterChain.doFilter(ApplicationFilterChain.java:166)\r\n	at org.springframework.web.filter.CharacterEncodingFilter.doFilterInternal(CharacterEncodingFilter.java:197)\r\n	at org.springframework.web.filter.OncePerRequestFilter.doFilter(OncePerRequestFilter.java:107)\r\n	at org.apache.catalina.core.ApplicationFilterChain.internalDoFilter(ApplicationFilterChain.java:193)\r\n	at org.apache.catalina.core.ApplicationFilterChain.doFilter(ApplicationFilterChain.java:166)\r\n	at org.apache.catalina.core.StandardWrapperValve.invoke(StandardWrapperValve.java:199)\r\n	at org.apache.catalina.core.StandardContextValve.invoke(StandardContextValve.java:96)\r\n	at org.apache.catalina.authenticator.AuthenticatorBase.invoke(AuthenticatorBase.java:478)\r\n	at org.apache.catalina.core.StandardHostValve.invoke(StandardHostValve.java:140)\r\n	at org.apache.catalina.valves.ErrorReportValve.invoke(ErrorReportValve.java:81)\r\n	at org.apache.catalina.core.StandardEngineValve.invoke(StandardEngineValve.java:87)\r\n	at org.apache.catalina.connector.CoyoteAdapter.service(CoyoteAdapter.java:342)\r\n	at org.apache.coyote.http11.Http11Processor.service(Http11Processor.java:803)\r\n	at org.apache.coyote.AbstractProcessorLight.process(AbstractProcessorLight.java:66)\r\n	at org.apache.coyote.AbstractProtocolTConnectionHandler.process(AbstractProtocol.java:868)\r\n	at org.apache.tomcat.util.net.NioEndpointTSocketProcessor.doRun(NioEndpoint.java:1459)\r\n	at org.apache.tomcat.util.net.SocketProcessorBase.run(SocketProcessorBase.java:49)\r\n	at java.util.concurrent.ThreadPoolExecutor.runWorker(ThreadPoolExecutor.java:1149)\r\n	at java.util.concurrent.ThreadPoolExecutorTWorker.run(ThreadPoolExecutor.java:624)\r\n	at org.apache.tomcat.util.threads.TaskThreadTWrappingRunnable.run(TaskThread.java:61)\r\n	at java.lang.Thread.run(Thread.java:748)\r\nCaused by: java.lang.NumberFormatException: For input string: \"undefined\"\r\n	at java.lang.NumberFormatException.forInputString(NumberFormatException.java:65)\r\n	at java.lang.Integer.parseInt(Integer.java:580)\r\n	at java.lang.Integer.valueOf(Integer.java:766)\r\n	at org.springframework.util.NumberUtils.parseNumber(NumberUtils.java:208)\r\n	at org.springframework.beans.propertyeditors.CustomNumberEditor.setAsText(CustomNumberEditor.java:113)\r\n	at org.springframework.beans.TypeConverterDelegate.doConvertTextValue(TypeConverterDelegate.java:468)\r\n	at org.springframework.beans.TypeConverterDelegate.doConvertValue(TypeConverterDelegate.java:441)\r\n	at org.springframework.beans.TypeConverterDelegate.convertIfNecessary(TypeConverterDelegate.java:199)\r\n	at org.springframework.beans.TypeConverterDelegate.convertIfNecessary(TypeConverterDelegate.java:108)\r\n	at org.springframework.beans.TypeConverterSupport.doConvert(TypeConverterSupport.java:64)\r\n	at org.springframework.beans.TypeConverterSupport.convertIfNecessary(TypeConverterSupport.java:47)\r\n	at org.springframework.validation.DataBinder.convertIfNecessary(DataBinder.java:713)\r\n	at org.springframework.web.method.annotation.AbstractNamedValueMethodArgumentResolver.resolveArgument(AbstractNamedValueMethodArgumentResolver.java:120)\r\n	... 71 more\r\n');

-- ----------------------------
-- Table structure for sys_relation
-- ----------------------------
DROP TABLE IF EXISTS `sys_relation`;
CREATE TABLE `sys_relation`  (
  `id` int(11) NOT NULL AUTO_INCREMENT COMMENT '主键',
  `menuid` bigint(11) NULL DEFAULT NULL COMMENT '菜单id',
  `roleid` int(11) NULL DEFAULT NULL COMMENT '角色id',
  PRIMARY KEY (`id`) USING BTREE
) ENGINE = InnoDB AUTO_INCREMENT = 3923 CHARACTER SET = utf8 COLLATE = utf8_general_ci COMMENT = '角色和菜单关联表' ROW_FORMAT = Compact;

-- ----------------------------
-- Records of sys_relation
-- ----------------------------
INSERT INTO `sys_relation` VALUES (3377, 105, 5);
INSERT INTO `sys_relation` VALUES (3378, 106, 5);
INSERT INTO `sys_relation` VALUES (3379, 107, 5);
INSERT INTO `sys_relation` VALUES (3380, 108, 5);
INSERT INTO `sys_relation` VALUES (3381, 109, 5);
INSERT INTO `sys_relation` VALUES (3382, 110, 5);
INSERT INTO `sys_relation` VALUES (3383, 111, 5);
INSERT INTO `sys_relation` VALUES (3384, 112, 5);
INSERT INTO `sys_relation` VALUES (3385, 113, 5);
INSERT INTO `sys_relation` VALUES (3386, 114, 5);
INSERT INTO `sys_relation` VALUES (3387, 115, 5);
INSERT INTO `sys_relation` VALUES (3388, 116, 5);
INSERT INTO `sys_relation` VALUES (3389, 117, 5);
INSERT INTO `sys_relation` VALUES (3390, 118, 5);
INSERT INTO `sys_relation` VALUES (3391, 119, 5);
INSERT INTO `sys_relation` VALUES (3392, 120, 5);
INSERT INTO `sys_relation` VALUES (3393, 121, 5);
INSERT INTO `sys_relation` VALUES (3394, 122, 5);
INSERT INTO `sys_relation` VALUES (3395, 150, 5);
INSERT INTO `sys_relation` VALUES (3396, 151, 5);
INSERT INTO `sys_relation` VALUES (3859, 105, 1);
INSERT INTO `sys_relation` VALUES (3860, 106, 1);
INSERT INTO `sys_relation` VALUES (3861, 107, 1);
INSERT INTO `sys_relation` VALUES (3862, 108, 1);
INSERT INTO `sys_relation` VALUES (3863, 109, 1);
INSERT INTO `sys_relation` VALUES (3864, 110, 1);
INSERT INTO `sys_relation` VALUES (3865, 111, 1);
INSERT INTO `sys_relation` VALUES (3866, 112, 1);
INSERT INTO `sys_relation` VALUES (3867, 113, 1);
INSERT INTO `sys_relation` VALUES (3868, 165, 1);
INSERT INTO `sys_relation` VALUES (3869, 166, 1);
INSERT INTO `sys_relation` VALUES (3870, 167, 1);
INSERT INTO `sys_relation` VALUES (3871, 114, 1);
INSERT INTO `sys_relation` VALUES (3872, 115, 1);
INSERT INTO `sys_relation` VALUES (3873, 116, 1);
INSERT INTO `sys_relation` VALUES (3874, 117, 1);
INSERT INTO `sys_relation` VALUES (3875, 118, 1);
INSERT INTO `sys_relation` VALUES (3876, 162, 1);
INSERT INTO `sys_relation` VALUES (3877, 163, 1);
INSERT INTO `sys_relation` VALUES (3878, 164, 1);
INSERT INTO `sys_relation` VALUES (3879, 119, 1);
INSERT INTO `sys_relation` VALUES (3880, 120, 1);
INSERT INTO `sys_relation` VALUES (3881, 121, 1);
INSERT INTO `sys_relation` VALUES (3882, 122, 1);
INSERT INTO `sys_relation` VALUES (3883, 150, 1);
INSERT INTO `sys_relation` VALUES (3884, 151, 1);
INSERT INTO `sys_relation` VALUES (3885, 128, 1);
INSERT INTO `sys_relation` VALUES (3886, 134, 1);
INSERT INTO `sys_relation` VALUES (3887, 158, 1);
INSERT INTO `sys_relation` VALUES (3888, 159, 1);
INSERT INTO `sys_relation` VALUES (3889, 130, 1);
INSERT INTO `sys_relation` VALUES (3890, 131, 1);
INSERT INTO `sys_relation` VALUES (3891, 135, 1);
INSERT INTO `sys_relation` VALUES (3892, 136, 1);
INSERT INTO `sys_relation` VALUES (3893, 137, 1);
INSERT INTO `sys_relation` VALUES (3894, 152, 1);
INSERT INTO `sys_relation` VALUES (3895, 153, 1);
INSERT INTO `sys_relation` VALUES (3896, 154, 1);
INSERT INTO `sys_relation` VALUES (3897, 132, 1);
INSERT INTO `sys_relation` VALUES (3898, 138, 1);
INSERT INTO `sys_relation` VALUES (3899, 139, 1);
INSERT INTO `sys_relation` VALUES (3900, 140, 1);
INSERT INTO `sys_relation` VALUES (3901, 155, 1);
INSERT INTO `sys_relation` VALUES (3902, 156, 1);
INSERT INTO `sys_relation` VALUES (3903, 157, 1);
INSERT INTO `sys_relation` VALUES (3904, 133, 1);
INSERT INTO `sys_relation` VALUES (3905, 160, 1);
INSERT INTO `sys_relation` VALUES (3906, 161, 1);
INSERT INTO `sys_relation` VALUES (3907, 141, 1);
INSERT INTO `sys_relation` VALUES (3908, 142, 1);
INSERT INTO `sys_relation` VALUES (3909, 143, 1);
INSERT INTO `sys_relation` VALUES (3910, 144, 1);
INSERT INTO `sys_relation` VALUES (3911, 145, 1);
INSERT INTO `sys_relation` VALUES (3912, 148, 1);
INSERT INTO `sys_relation` VALUES (3913, 149, 1);
INSERT INTO `sys_relation` VALUES (3914, 168, 1);
INSERT INTO `sys_relation` VALUES (3915, 169, 1);
INSERT INTO `sys_relation` VALUES (3916, 170, 1);
INSERT INTO `sys_relation` VALUES (3917, 1119927846506016769, 1);
INSERT INTO `sys_relation` VALUES (3918, 1119927846506016770, 1);
INSERT INTO `sys_relation` VALUES (3919, 1119927846506016771, 1);
INSERT INTO `sys_relation` VALUES (3920, 1119927846506016772, 1);
INSERT INTO `sys_relation` VALUES (3921, 1119927846506016773, 1);
INSERT INTO `sys_relation` VALUES (3922, 1119927846506016774, 1);

-- ----------------------------
-- Table structure for sys_role
-- ----------------------------
DROP TABLE IF EXISTS `sys_role`;
CREATE TABLE `sys_role`  (
  `id` int(11) NOT NULL AUTO_INCREMENT COMMENT '主键id',
  `num` int(11) NULL DEFAULT NULL COMMENT '序号',
  `pid` int(11) NULL DEFAULT NULL COMMENT '父角色id',
  `name` varchar(255) CHARACTER SET utf8 COLLATE utf8_general_ci NULL DEFAULT NULL COMMENT '角色名称',
  `deptid` int(11) NULL DEFAULT NULL COMMENT '部门名称',
  `tips` varchar(255) CHARACTER SET utf8 COLLATE utf8_general_ci NULL DEFAULT NULL COMMENT '提示',
  `version` int(11) NULL DEFAULT NULL COMMENT '保留字段(暂时没用）',
  PRIMARY KEY (`id`) USING BTREE
) ENGINE = InnoDB AUTO_INCREMENT = 6 CHARACTER SET = utf8 COLLATE = utf8_general_ci COMMENT = '角色表' ROW_FORMAT = Compact;

-- ----------------------------
-- Records of sys_role
-- ----------------------------
INSERT INTO `sys_role` VALUES (1, 1, 0, '超级管理员', 24, 'administrator', 1);
INSERT INTO `sys_role` VALUES (5, 2, 1, '临时', 26, 'temp', NULL);

-- ----------------------------
-- Table structure for sys_user
-- ----------------------------
DROP TABLE IF EXISTS `sys_user`;
CREATE TABLE `sys_user`  (
  `id` int(11) NOT NULL AUTO_INCREMENT COMMENT '主键id',
  `avatar` varchar(255) CHARACTER SET utf8 COLLATE utf8_general_ci NULL DEFAULT NULL COMMENT '头像',
  `account` varchar(45) CHARACTER SET utf8 COLLATE utf8_general_ci NULL DEFAULT NULL COMMENT '账号',
  `password` varchar(45) CHARACTER SET utf8 COLLATE utf8_general_ci NULL DEFAULT NULL COMMENT '密码',
  `salt` varchar(45) CHARACTER SET utf8 COLLATE utf8_general_ci NULL DEFAULT NULL COMMENT 'md5密码盐',
  `name` varchar(45) CHARACTER SET utf8 COLLATE utf8_general_ci NULL DEFAULT NULL COMMENT '名字',
  `birthday` datetime NULL DEFAULT NULL COMMENT '生日',
  `sex` int(11) NULL DEFAULT NULL COMMENT '性别（1：男 2：女）',
  `email` varchar(45) CHARACTER SET utf8 COLLATE utf8_general_ci NULL DEFAULT NULL COMMENT '电子邮件',
  `phone` varchar(45) CHARACTER SET utf8 COLLATE utf8_general_ci NULL DEFAULT NULL COMMENT '电话',
  `roleid` varchar(255) CHARACTER SET utf8 COLLATE utf8_general_ci NULL DEFAULT NULL COMMENT '角色id',
  `deptid` int(11) NULL DEFAULT NULL COMMENT '部门id',
  `status` int(11) NULL DEFAULT NULL COMMENT '状态(1：启用  2：冻结  3：删除）',
  `createtime` datetime NULL DEFAULT NULL COMMENT '创建时间',
  `version` int(11) NULL DEFAULT NULL COMMENT '保留字段',
  PRIMARY KEY (`id`) USING BTREE
) ENGINE = InnoDB AUTO_INCREMENT = 47 CHARACTER SET = utf8 COLLATE = utf8_general_ci COMMENT = '管理员表' ROW_FORMAT = Compact;

-- ----------------------------
-- Records of sys_user
-- ----------------------------
INSERT INTO `sys_user` VALUES (1, 'girl.gif', 'admin', 'ecfadcde9305f8891bcfe5a1e28c253e', '8pgby', '张三', '2017-05-05 00:00:00', 2, 'sn93@qq.com', '18200000000', '1', 27, 1, '2016-01-29 08:49:53', 25);
INSERT INTO `sys_user` VALUES (44, NULL, 'test', '45abb7879f6a8268f1ef600e6038ac73', 'ssts3', 'test', '2017-05-01 00:00:00', 1, 'abc@123.com', '', '5', 26, 3, '2017-05-16 20:33:37', NULL);
INSERT INTO `sys_user` VALUES (45, NULL, 'boss', '71887a5ad666a18f709e1d4e693d5a35', '1f7bf', '老板', '2017-12-04 00:00:00', 1, '', '', '1', 24, 1, '2017-12-04 22:24:02', NULL);
INSERT INTO `sys_user` VALUES (46, NULL, 'manager', 'efff4a53e8bc92427e903c10ec0b24cb', '42tu3', '经理', '2017-12-04 00:00:00', 1, '', '', '1', 24, 1, '2017-12-04 22:24:24', NULL);

SET FOREIGN_KEY_CHECKS = 1;
